{"info": {"description": "Beyond Words Dataset (verified)", "URL": "http://beyondwords.labs.loc.gov/#/", "version": "1.0", "year": 2019, "contributor": "Benjamin Charles Germain Lee", "date_created": "11/20/2019"}, "licenses": [{"url": "https://creativecommons.org/publicdomain/zero/1.0/", "id": 1, "name": "CC0 1.0"}], "categories": [{"id": 0, "name": "Photograph", "supercategory": "Photograph"}, {"id": 1, "name": "Map", "supercategory": "Map"}, {"id": 2, "name": "Comics/Cartoon", "supercategory": "Comics/Cartoon"}], "images": [{"license": 1, "file_name": "beyond_words_data/images/1.jpg", "url": "http://s3.amazonaws.com/ndnp-jpeg-surrogates/kyu_aluminum_ver01/data/sn86069180/00211104089/1917102001/0584.jpg", "height": 1846, "width": 1392, "date_captured": "11/20/2019", "id": 1}, {"license": 1, "file_name": "beyond_words_data/images/2.jpg", "url": "http://s3.amazonaws.com/ndnp-jpeg-surrogates/uuml_indurain_ver01/data/sn85058396/print/1917102401/0292.jpg", "height": 2354, "width": 1796, "date_captured": "11/20/2019", "id": 2}, {"license": 1, "file_name": "beyond_words_data/images/3.jpg", "url": "http://s3.amazonaws.com/ndnp-jpeg-surrogates/uuml_julich_ver01/data/sn85058396/print/1918031401/0900.jpg", "height": 2278, "width": 1640, "date_captured": "11/20/2019", "id": 3}, {"license": 1, "file_name": "beyond_words_data/images/4.jpg", "url": "http://s3.amazonaws.com/ndnp-jpeg-surrogates/pst_geary_ver01/data/sn83045211/00237282474/1918060401/0050.jpg", "height": 1675, "width": 1344, "date_captured": "11/20/2019", "id": 4}, {"license": 1, "file_name": "beyond_words_data/images/5.jpg", "url": "http://s3.amazonaws.com/ndnp-jpeg-surrogates/ncu_chestnut_ver01/data/sn91068748/00415667395/1917062901/0147.jpg", "height": 1729, "width": 1171, "date_captured": "11/20/2019", "id": 5}, {"license": 1, "file_name": "beyond_words_data/images/6.jpg", "url": "http://s3.amazonaws.com/ndnp-jpeg-surrogates/pst_geary_ver01/data/sn83045211/0023728253A/1918103101/0730.jpg", "height": 1623, "width": 1368, "date_captured": "11/20/2019", "id": 6}, {"license": 1, "file_name": "beyond_words_data/images/7.jpg", "url": "http://s3.amazonaws.com/ndnp-jpeg-surrogates/ndhi_fargo_ver01/data/sn85042243/00212478623/1917040901/0702.jpg", "height": 2024, "width": 1531, "date_captured": "11/20/2019", "id": 7}, {"license": 1, "file_name": "beyond_words_data/images/8.jpg", "url": "http://s3.amazonaws.com/ndnp-jpeg-surrogates/kyu_aluminum_ver01/data/sn86069180/00211104089/1917051201/0485.jpg", "height": 1863, "width": 1403, "date_captured": "11/20/2019", "id": 8}, {"license": 1, "file_name": "beyond_words_data/images/9.jpg", "url": "http://s3.amazonaws.com/ndnp-jpeg-surrogates/iahi_ames_ver01/data/sn85049804/00202198430/1918021501/0080.jpg", "height": 1969, "width": 1453, "date_captured": "11/20/2019", "id": 9}, {"license": 1, "file_name": "beyond_words_data/images/10.jpg", "url": "http://s3.amazonaws.com/ndnp-jpeg-surrogates/pst_davey_ver01/data/sn83045211/00237287666/1917120701/0477.jpg", "height": 1564, "width": 1236, "date_captured": "11/20/2019", "id": 10}, {"license": 1, "file_name": "beyond_words_data/images/11.jpg", "url": "http://s3.amazonaws.com/ndnp-jpeg-surrogates/pst_davey_ver01/data/sn83045211/0023728768A/1917081701/0441.jpg", "height": 1706, "width": 1275, "date_captured": "11/20/2019", "id": 11}, {"license": 1, "file_name": "beyond_words_data/images/12.jpg", "url": "http://s3.amazonaws.com/ndnp-jpeg-surrogates/pst_geary_ver01/data/sn83045211/00237282498/1918072001/0360.jpg", "height": 1657, "width": 1366, "date_captured": "11/20/2019", "id": 12}, {"license": 1, "file_name": "beyond_words_data/images/13.jpg", "url": "http://s3.amazonaws.com/ndnp-jpeg-surrogates/uuml_indurain_ver01/data/sn85058396/print/1917051401/0527.jpg", "height": 2299, "width": 1693, "date_captured": "11/20/2019", "id": 13}, {"license": 1, "file_name": "beyond_words_data/images/14.jpg", "url": "http://s3.amazonaws.com/ndnp-jpeg-surrogates/kyu_europium_ver01/data/sn86069561/00211104168/1918092701/0447.jpg", "height": 2145, "width": 1666, "date_captured": "11/20/2019", "id": 14}, {"license": 1, "file_name": "beyond_words_data/images/15.jpg", "url": "http://s3.amazonaws.com/ndnp-jpeg-surrogates/pst_greenberg_ver01/data/sn85038411/00296028289/1918022201/0714.jpg", "height": 1837, "width": 1467, "date_captured": "11/20/2019", "id": 15}, {"license": 1, "file_name": "beyond_words_data/images/16.jpg", "url": "http://s3.amazonaws.com/ndnp-jpeg-surrogates/pst_greenberg_ver01/data/sn85038411/00296028290/1918032701/0177.jpg", "height": 1833, "width": 1475, "date_captured": "11/20/2019", "id": 16}, {"license": 1, "file_name": "beyond_words_data/images/17.jpg", "url": "http://s3.amazonaws.com/ndnp-jpeg-surrogates/pst_greenberg_ver01/data/sn85038411/00296028265/1917102601/0551.jpg", "height": 1820, "width": 1455, "date_captured": "11/20/2019", "id": 17}, {"license": 1, "file_name": "beyond_words_data/images/18.jpg", "url": "http://s3.amazonaws.com/ndnp-jpeg-surrogates/pst_geary_ver01/data/sn83045211/00237282486/1918071201/0853.jpg", "height": 1658, "width": 1329, "date_captured": "11/20/2019", "id": 18}, {"license": 1, "file_name": "beyond_words_data/images/19.jpg", "url": "http://s3.amazonaws.com/ndnp-jpeg-surrogates/pst_geary_ver01/data/sn83045211/00237282504/1918082201/0506.jpg", "height": 1638, "width": 1333, "date_captured": "11/20/2019", "id": 19}, {"license": 1, "file_name": "beyond_words_data/images/20.jpg", "url": "http://s3.amazonaws.com/ndnp-jpeg-surrogates/fu_dauer_ver03/data/sn95047324/00295865520/1918101701/0351.jpg", "height": 1747, "width": 1113, "date_captured": "11/20/2019", "id": 20}, {"license": 1, "file_name": "beyond_words_data/images/21.jpg", "url": "http://s3.amazonaws.com/ndnp-jpeg-surrogates/pst_hershey_ver01/data/sn85038411/00296028319/1918101701/0855.jpg", "height": 1818, "width": 1470, "date_captured": "11/20/2019", "id": 21}, {"license": 1, "file_name": "beyond_words_data/images/22.jpg", "url": "http://s3.amazonaws.com/ndnp-jpeg-surrogates/uuml_indurain_ver01/data/sn85058396/print/1917110501/0450.jpg", "height": 2342, "width": 1754, "date_captured": "11/20/2019", "id": 22}, {"license": 1, "file_name": "beyond_words_data/images/23.jpg", "url": "http://s3.amazonaws.com/ndnp-jpeg-surrogates/uuml_indurain_ver01/data/sn85058396/print/1917102701/0355.jpg", "height": 2291, "width": 1709, "date_captured": "11/20/2019", "id": 23}, {"license": 1, "file_name": "beyond_words_data/images/24.jpg", "url": "http://s3.amazonaws.com/ndnp-jpeg-surrogates/pst_geary_ver01/data/sn83045211/00237282504/1918081301/0353.jpg", "height": 1657, "width": 1337, "date_captured": "11/20/2019", "id": 24}, {"license": 1, "file_name": "beyond_words_data/images/25.jpg", "url": "http://s3.amazonaws.com/ndnp-jpeg-surrogates/pst_geary_ver01/data/sn83045211/00237282450/1918052001/0268.jpg", "height": 1592, "width": 1273, "date_captured": "11/20/2019", "id": 25}, {"license": 1, "file_name": "beyond_words_data/images/26.jpg", "url": "http://s3.amazonaws.com/ndnp-jpeg-surrogates/pst_davey_ver01/data/sn83045211/00237287678/1917092801/0195.jpg", "height": 1767, "width": 1316, "date_captured": "11/20/2019", "id": 26}, {"license": 1, "file_name": "beyond_words_data/images/27.jpg", "url": "http://s3.amazonaws.com/ndnp-jpeg-surrogates/mohi_imogen_ver01/data/sn89066617/00200292315/1918051001/0300.jpg", "height": 1987, "width": 1560, "date_captured": "11/20/2019", "id": 27}, {"license": 1, "file_name": "beyond_words_data/images/28.jpg", "url": "http://s3.amazonaws.com/ndnp-jpeg-surrogates/uuml_julich_ver01/data/sn85058396/print/1918110401/0401.jpg", "height": 2279, "width": 1654, "date_captured": "11/20/2019", "id": 28}, {"license": 1, "file_name": "beyond_words_data/images/29.jpg", "url": "http://s3.amazonaws.com/ndnp-jpeg-surrogates/pst_davey_ver01/data/sn83045211/00237282449/1918040901/0146.jpg", "height": 1637, "width": 1282, "date_captured": "11/20/2019", "id": 29}, {"license": 1, "file_name": "beyond_words_data/images/30.jpg", "url": "http://s3.amazonaws.com/ndnp-jpeg-surrogates/ct_berlin_ver01/data/sn82014086/00295866123/1917081701/0418.jpg", "height": 1747, "width": 1590, "date_captured": "11/20/2019", "id": 30}, {"license": 1, "file_name": "beyond_words_data/images/31.jpg", "url": "http://s3.amazonaws.com/ndnp-jpeg-surrogates/pst_geary_ver01/data/sn83045211/00237282486/1918070801/0458.jpg", "height": 1632, "width": 1335, "date_captured": "11/20/2019", "id": 31}, {"license": 1, "file_name": "beyond_words_data/images/32.jpg", "url": "http://s3.amazonaws.com/ndnp-jpeg-surrogates/pst_davey_ver01/data/sn83045211/0023728768A/1917091701/0956.jpg", "height": 1662, "width": 1270, "date_captured": "11/20/2019", "id": 32}, {"license": 1, "file_name": "beyond_words_data/images/33.jpg", "url": "http://s3.amazonaws.com/ndnp-jpeg-surrogates/kyu_aluminum_ver01/data/sn86069180/00211104089/1917080401/0537.jpg", "height": 1843, "width": 1387, "date_captured": "11/20/2019", "id": 33}, {"license": 1, "file_name": "beyond_words_data/images/34.jpg", "url": "http://s3.amazonaws.com/ndnp-jpeg-surrogates/ct_berlin_ver01/data/sn82014086/00295866135/1917102401/0514.jpg", "height": 1703, "width": 1419, "date_captured": "11/20/2019", "id": 34}, {"license": 1, "file_name": "beyond_words_data/images/35.jpg", "url": "http://s3.amazonaws.com/ndnp-jpeg-surrogates/pst_davey_ver01/data/sn83045211/00237287678/1917092901/0216.jpg", "height": 1677, "width": 1272, "date_captured": "11/20/2019", "id": 35}, {"license": 1, "file_name": "beyond_words_data/images/36.jpg", "url": "http://s3.amazonaws.com/ndnp-jpeg-surrogates/uuml_indurain_ver01/data/sn85058396/print/1917080101/0324.jpg", "height": 2324, "width": 1749, "date_captured": "11/20/2019", "id": 36}, {"license": 1, "file_name": "beyond_words_data/images/37.jpg", "url": "http://s3.amazonaws.com/ndnp-jpeg-surrogates/vtu_foxville_ver01/data/sn98060050/00280777493/1917102601/0773.jpg", "height": 1693, "width": 1350, "date_captured": "11/20/2019", "id": 37}, {"license": 1, "file_name": "beyond_words_data/images/38.jpg", "url": "http://s3.amazonaws.com/ndnp-jpeg-surrogates/pst_davey_ver01/data/sn83045211/00237287654/1918031101/0729.jpg", "height": 1583, "width": 1249, "date_captured": "11/20/2019", "id": 38}, {"license": 1, "file_name": "beyond_words_data/images/39.jpg", "url": "http://s3.amazonaws.com/ndnp-jpeg-surrogates/uuml_julich_ver01/data/sn85058396/print/1918020401/0405.jpg", "height": 2259, "width": 1635, "date_captured": "11/20/2019", "id": 39}, {"license": 1, "file_name": "beyond_words_data/images/40.jpg", "url": "http://s3.amazonaws.com/ndnp-jpeg-surrogates/pst_geary_ver01/data/sn83045211/00237282516/1918100301/0320.jpg", "height": 1643, "width": 1351, "date_captured": "11/20/2019", "id": 40}, {"license": 1, "file_name": "beyond_words_data/images/41.jpg", "url": "http://s3.amazonaws.com/ndnp-jpeg-surrogates/pst_greenberg_ver01/data/sn85038411/00296028253/1917070901/0077.jpg", "height": 1812, "width": 1450, "date_captured": "11/20/2019", "id": 41}, {"license": 1, "file_name": "beyond_words_data/images/42.jpg", "url": "http://s3.amazonaws.com/ndnp-jpeg-surrogates/pst_greenberg_ver01/data/sn85038411/00296028265/1917112601/0981.jpg", "height": 1837, "width": 1469, "date_captured": "11/20/2019", "id": 42}, {"license": 1, "file_name": "beyond_words_data/images/43.jpg", "url": "http://s3.amazonaws.com/ndnp-jpeg-surrogates/iune_india_ver01/data/sn83045487/00280761333/1917042301/1136.jpg", "height": 680, "width": 482, "date_captured": "11/20/2019", "id": 43}, {"license": 1, "file_name": "beyond_words_data/images/44.jpg", "url": "http://s3.amazonaws.com/ndnp-jpeg-surrogates/pst_greenberg_ver01/data/sn85038411/00296028253/1917070901/0088.jpg", "height": 1812, "width": 1450, "date_captured": "11/20/2019", "id": 44}, {"license": 1, "file_name": "beyond_words_data/images/45.jpg", "url": "http://s3.amazonaws.com/ndnp-jpeg-surrogates/mnhi_halma_ver01/data/sn89064695/0028076792A/1918101001/0338.jpg", "height": 2078, "width": 1454, "date_captured": "11/20/2019", "id": 45}, {"license": 1, "file_name": "beyond_words_data/images/46.jpg", "url": "http://s3.amazonaws.com/ndnp-jpeg-surrogates/pst_geary_ver01/data/sn83045211/00237282450/1918052001/0276.jpg", "height": 1571, "width": 1250, "date_captured": "11/20/2019", "id": 46}, {"license": 1, "file_name": "beyond_words_data/images/47.jpg", "url": "http://s3.amazonaws.com/ndnp-jpeg-surrogates/pst_greenberg_ver01/data/sn85038411/00296028277/1917113001/0058.jpg", "height": 1842, "width": 1469, "date_captured": "11/20/2019", "id": 47}, {"license": 1, "file_name": "beyond_words_data/images/48.jpg", "url": "http://s3.amazonaws.com/ndnp-jpeg-surrogates/uuml_basso_ver01/data/sn85058246/00206536263/1917072601/0735.jpg", "height": 1532, "width": 1090, "date_captured": "11/20/2019", "id": 48}, {"license": 1, "file_name": "beyond_words_data/images/49.jpg", "url": "http://s3.amazonaws.com/ndnp-jpeg-surrogates/uuml_indurain_ver01/data/sn85058396/print/1917121501/0990.jpg", "height": 2274, "width": 1660, "date_captured": "11/20/2019", "id": 49}, {"license": 1, "file_name": "beyond_words_data/images/50.jpg", "url": "http://s3.amazonaws.com/ndnp-jpeg-surrogates/pst_davey_ver01/data/sn83045211/00237287666/1918011601/1058.jpg", "height": 1583, "width": 1271, "date_captured": "11/20/2019", "id": 50}], "annotations": [{"id": "5d29d6ffaa800200010012cf", "image_id": 1, "category_id": 0, "bbox": [452, 133, 525, 352], "iscrowd": 1}, {"id": "59ce8d75cf51920001000d1f", "image_id": 3, "category_id": 0, "bbox": [466, 131, 213, 600], "iscrowd": 1}, {"id": "59ce8f952ef3300001000d66", "image_id": 3, "category_id": 0, "bbox": [244, 630, 211, 604], "iscrowd": 1}, {"id": "5d933ed7f350430001000d51", "image_id": 4, "category_id": 1, "bbox": [206, 118, 474, 402], "iscrowd": 1}, {"id": "5da7b5edca9e6f0001003e8f", "image_id": 5, "category_id": 0, "bbox": [524, 708, 149, 278], "iscrowd": 1}, {"id": "5d86aca5ebaf180001002f26", "image_id": 6, "category_id": 1, "bbox": [373, 65, 471, 256], "iscrowd": 1}, {"id": "5ccf87c36dc358000100373e", "image_id": 7, "category_id": 0, "bbox": [269, 240, 200, 390], "iscrowd": 1}, {"id": "5d437db5aa800200010019d0", "image_id": 8, "category_id": 0, "bbox": [795, 1430, 183, 220], "iscrowd": 1}, {"id": "5d24b81eaa8002000100115c", "image_id": 8, "category_id": 0, "bbox": [981, 1086, 347, 96], "iscrowd": 1}, {"id": "5ce3466707638f00010003b9", "image_id": 8, "category_id": 0, "bbox": [803, 1215, 177, 211], "iscrowd": 1}, {"id": "5ce343ba07638f00010003b3", "image_id": 8, "category_id": 0, "bbox": [986, 923, 347, 152], "iscrowd": 1}, {"id": "5ce3432aca9e6f00010003c3", "image_id": 8, "category_id": 0, "bbox": [804, 981, 176, 232], "iscrowd": 1}, {"id": "5ce34140ca9e6f00010003c1", "image_id": 8, "category_id": 0, "bbox": [985, 763, 347, 159], "iscrowd": 1}, {"id": "5ce3408bca9e6f00010003bf", "image_id": 8, "category_id": 0, "bbox": [808, 763, 175, 215], "iscrowd": 1}, {"id": "5b295e04572c860001004595", "image_id": 9, "category_id": 0, "bbox": [725, 259, 432, 566], "iscrowd": 1}, {"id": "5ad8fe6fa042dd0001000104", "image_id": 11, "category_id": 0, "bbox": [540, 69, 172, 427], "iscrowd": 1}, {"id": "5da25850ebaf180001003d18", "image_id": 12, "category_id": 0, "bbox": [42, 809, 327, 332], "iscrowd": 1}, {"id": "5d77e632ebaf180001002a69", "image_id": 12, "category_id": 0, "bbox": [540, 160, 461, 313], "iscrowd": 1}, {"id": "5dae2bceca9e6f000100419c", "image_id": 13, "category_id": 0, "bbox": [956, 198, 227, 656], "iscrowd": 1}, {"id": "5db5fadeebaf180001004860", "image_id": 15, "category_id": 0, "bbox": [563, 81, 347, 513], "iscrowd": 1}, {"id": "5db48110f3504300010020cd", "image_id": 15, "category_id": 0, "bbox": [220, 116, 171, 400], "iscrowd": 1}, {"id": "5db60b26e8c9c800010021ef", "image_id": 16, "category_id": 2, "bbox": [221, 197, 1206, 320], "iscrowd": 1}, {"id": "5db1c05bf350430001001e21", "image_id": 17, "category_id": 0, "bbox": [710, 1260, 185, 537], "iscrowd": 1}, {"id": "5da25e5cf350430001001676", "image_id": 18, "category_id": 0, "bbox": [193, 1191, 182, 430], "iscrowd": 1}, {"id": "5da44f65f350430001001751", "image_id": 18, "category_id": 0, "bbox": [367, 56, 362, 575], "iscrowd": 1}, {"id": "5d76e5d5f35043000100036f", "image_id": 18, "category_id": 0, "bbox": [743, 972, 174, 640], "iscrowd": 1}, {"id": "5d83e9b5ca9e6f0001002d4c", "image_id": 19, "category_id": 2, "bbox": [503, 95, 464, 391], "iscrowd": 1}, {"id": "5ae8b3985a3f7b0001002f59", "image_id": 20, "category_id": 0, "bbox": [610, 121, 189, 299], "iscrowd": 1}, {"id": "5dcef50ae8c9c80001003304", "image_id": 21, "category_id": 2, "bbox": [382, 125, 1040, 325], "iscrowd": 1}, {"id": "5dbcce08ebaf180001004e62", "image_id": 22, "category_id": 0, "bbox": [1004, 598, 236, 617], "iscrowd": 1}, {"id": "5dbccd09ebaf180001004e60", "image_id": 22, "category_id": 0, "bbox": [559, 592, 224, 535], "iscrowd": 1}, {"id": "5d698888e8c9c80001000079", "image_id": 23, "category_id": 0, "bbox": [571, 554, 534, 541], "iscrowd": 1}, {"id": "5d9eaf89ebaf180001003b9b", "image_id": 24, "category_id": 0, "bbox": [192, 56, 167, 522], "iscrowd": 1}, {"id": "5da0e616f3504300010015f0", "image_id": 25, "category_id": 2, "bbox": [325, 101, 612, 460], "iscrowd": 1}, {"id": "5ad8df8f572c860001002aae", "image_id": 26, "category_id": 0, "bbox": [90, 116, 1212, 545], "iscrowd": 1}, {"id": "5ad8e08ad6342b00010000e8", "image_id": 26, "category_id": 0, "bbox": [78, 851, 1224, 831], "iscrowd": 1}, {"id": "5dd0a2c4ebaf180001005af8", "image_id": 27, "category_id": 0, "bbox": [479, 1287, 200, 403], "iscrowd": 1}, {"id": "5bbfd337536f120001002495", "image_id": 28, "category_id": 0, "bbox": [77, 138, 219, 662], "iscrowd": 1}, {"id": "5aa153f55a3f7b0001001fc2", "image_id": 29, "category_id": 0, "bbox": [197, 232, 147, 201], "iscrowd": 1}, {"id": "5aa1535a639da00001002004", "image_id": 29, "category_id": 0, "bbox": [192, 68, 163, 1053], "iscrowd": 1}, {"id": "5a8af8fd639da00001000c9e", "image_id": 29, "category_id": 0, "bbox": [197, 69, 149, 160], "iscrowd": 1}, {"id": "5b7ed422d6342b0001002d5d", "image_id": 30, "category_id": 0, "bbox": [613, 262, 180, 257], "iscrowd": 1}, {"id": "5da66d37f350430001001886", "image_id": 31, "category_id": 0, "bbox": [515, 47, 157, 366], "iscrowd": 1}, {"id": "5da66b02e8c9c8000100187b", "image_id": 31, "category_id": 0, "bbox": [202, 44, 157, 278], "iscrowd": 1}, {"id": "5d9c8749ebaf180001003964", "image_id": 31, "category_id": 0, "bbox": [982, 47, 160, 459], "iscrowd": 1}, {"id": "5d90d411e8c9c80001000cf7", "image_id": 32, "category_id": 2, "bbox": [21, 141, 146, 159], "iscrowd": 1}, {"id": "5d4e54caebaf180001001e1a", "image_id": 32, "category_id": 0, "bbox": [175, 1187, 91, 182], "iscrowd": 1}, {"id": "5d4e548107638f0001001da4", "image_id": 32, "category_id": 0, "bbox": [511, 48, 347, 436], "iscrowd": 1}, {"id": "5d114e2307638f0001000da0", "image_id": 33, "category_id": 0, "bbox": [767, 359, 177, 270], "iscrowd": 1}, {"id": "5cf9d6f7aa800200010009e2", "image_id": 33, "category_id": 0, "bbox": [417, 353, 181, 269], "iscrowd": 1}, {"id": "5cf037ceebaf1800010006a1", "image_id": 33, "category_id": 0, "bbox": [768, 117, 179, 244], "iscrowd": 1}, {"id": "5cf03761aa8002000100068f", "image_id": 33, "category_id": 0, "bbox": [419, 119, 179, 234], "iscrowd": 1}, {"id": "5b7ec7aaf5a5290001001054", "image_id": 34, "category_id": 0, "bbox": [67, 235, 175, 280], "iscrowd": 1}, {"id": "5d9c8104ebaf180001003957", "image_id": 35, "category_id": 2, "bbox": [188, 55, 1031, 288], "iscrowd": 1}, {"id": "5b72e765536f120001000ca7", "image_id": 36, "category_id": 0, "bbox": [1013, 479, 238, 922], "iscrowd": 1}, {"id": "5bdeaf5d6dc35800010027aa", "image_id": 37, "category_id": 1, "bbox": [422, 101, 343, 564], "iscrowd": 1}, {"id": "5d79294fe8c9c80001000481", "image_id": 38, "category_id": 0, "bbox": [797, 144, 150, 293], "iscrowd": 1}, {"id": "5d792933f350430001000470", "image_id": 38, "category_id": 0, "bbox": [343, 96, 300, 435], "iscrowd": 1}, {"id": "59e2534536def90001001d51", "image_id": 39, "category_id": 0, "bbox": [79, 118, 222, 474], "iscrowd": 1}, {"id": "5d794eebf3504300010004a9", "image_id": 40, "category_id": 0, "bbox": [327, 63, 470, 359], "iscrowd": 1}, {"id": "5db1fed3f350430001001e89", "image_id": 41, "category_id": 0, "bbox": [1066, 456, 172, 309], "iscrowd": 1}, {"id": "5dbb4200f350430001002678", "image_id": 42, "category_id": 0, "bbox": [217, 294, 165, 273], "iscrowd": 1}, {"id": "5b0d729b572c860001003a6e", "image_id": 43, "category_id": 0, "bbox": [65, 56, 186, 499], "iscrowd": 1}, {"id": "5dadda0febaf1800010042c7", "image_id": 44, "category_id": 0, "bbox": [555, 1357, 178, 400], "iscrowd": 1}, {"id": "5b757925d6342b0001002a08", "image_id": 45, "category_id": 0, "bbox": [498, 95, 457, 654], "iscrowd": 1}, {"id": "5da0ff31ebaf180001003cd3", "image_id": 46, "category_id": 0, "bbox": [443, 797, 802, 298], "iscrowd": 1}, {"id": "5da0e824f3504300010015f5", "image_id": 46, "category_id": 0, "bbox": [37, 734, 386, 397], "iscrowd": 1}, {"id": "5da0e7dce8c9c80001001615", "image_id": 46, "category_id": 0, "bbox": [30, 498, 575, 292], "iscrowd": 1}, {"id": "5da0edcbf3504300010015f7", "image_id": 46, "category_id": 0, "bbox": [34, 91, 1210, 489], "iscrowd": 1}, {"id": "5d72a3fdebaf18000100291d", "image_id": 46, "category_id": 0, "bbox": [569, 1109, 672, 379], "iscrowd": 1}, {"id": "5d71c4c8ca9e6f0001002893", "image_id": 46, "category_id": 0, "bbox": [36, 1138, 521, 351], "iscrowd": 1}, {"id": "5d71919af3504300010002a9", "image_id": 46, "category_id": 0, "bbox": [609, 528, 631, 259], "iscrowd": 1}, {"id": "5dcfc32fca9e6f0001005849", "image_id": 49, "category_id": 2, "bbox": [1152, 289, 451, 696], "iscrowd": 1}, {"id": "5dacacfeebaf1800010041cf", "image_id": 50, "category_id": 0, "bbox": [184, 50, 460, 691], "iscrowd": 1}]}